Message Text,Media Type,Media Path,Timestamp

የህፃናት መመገቢያ ጡጦ ዋጋ፦ 400 ብርውስን ፍሬ ነው ያለው አድራሻቁ1መገናኛ መሰረት ደፋር ሞል ሁለተኛ ፎቅ ቢሮ ቁ 0506 ቁ2ፒያሳ ጊዮርጊስ አደባባይ ራመትታቦርኦዳህንፃ 1ኛ ፎቅ ሱቅ ቁ 1 107 0902660722 0928460606 ፒያሳ ቅርንጫፍ 0941337070 በ ለማዘዝ ይጠቀሙ ለተጨማሪ ማብራሪያ የቴሌግራም ገፃ
የሞተ ቆዳን እንዲሁም ቆሻሻን ለማፅዳት ተመራጭዋጋ፦ 200 ብር ውስን ፍሬ ነው ያለው አድራሻቁ1መገናኛ መሰረት ደፋር ሞል ሁለተኛ ፎቅ ቢሮ ቁ 0506 ቁ2ፒያሳ ጊዮርጊስ አደባባይ ራመትታቦርኦዳህንፃ 1ኛ ፎቅ ሱቅ ቁ 1 107 0902660722 0928460606 ፒያሳ ቅርንጫፍ 0941337070 በ ለማዘዝ ይጠቀሙ ለተጨማሪ ማብራሪያ የቴሌግራም ገፃችን,MessageMediaDocument,No file name,2024-09-26 10:04:14+00:00
ከብረት የተሰራጫማ እና የተለያዩ ዕቃወች ማስቀመጫ ለመገጣጠም ቀላል ባለ ስድስት መደርደሪያ ያለው 5526114ዋጋ፦ 2250 ብር አድራሻቁ1መገናኛ መሰረት ደፋር ሞል ሁለተኛ ፎቅ ቢሮ ቁ 0506 ቁ2ፒያሳ ጊዮርጊስ አደባባይ ራመትታቦርኦዳህንፃ 1ኛ ፎቅ ሱቅ ቁ 1 107 0902660722 0928460606 ፒያሳ ቅርንጫፍ 0941337070 በ ለማዘዝ ይጠቀሙ ለተጨማሪ ማብራሪያ የቴሌግራም ገፃ
ዘመናዊ የልብስ ማስቀመጫ ቁምሳጥን በቀላሉ የሚገጣጠም የሚነቃቀል ከቦታ ወደ ቦታ ለማንቀሳቀስ የሚመች ቀላል ክብደት ያለውባለ ዚፕ የሸራ ልብስ ያለውፍሬሞቹ የብረት ቱቦዎች የሆኑመገጣጠሚያዎቹ ጠንካራ ካርቦኔትድ ፕላስቲኮች የሆኑለቤትዎ ውበት የሚሠጥቦታ የማይዝ ሲሆንቁመት 175 ሳሜየጎን ስፋት 130 ሳሜወርድ 45 ሳሜዋጋ፦ 3500 ብርውስን ፍሬ ነው ያለው አድራሻቁ1መገናኛ መሰረት ደፋር ሞል ሁለተኛ ፎቅ ቢሮ ቁ 0506 ቁ2ፒያሳ ጊዮርጊስ አደባባይ ራመትታቦርኦዳህንፃ 1ኛ ፎቅ ሱቅ ቁ 1 107 0902660722 0928460606 ፒያሳ ቅርንጫፍ 0941337070 በ ለማዘዝ ይጠቀሙ ለተጨማሪ ማብራሪያ የቴሌግራም ገፃ
ከፍተኛ ጥራትእስከ 30 እንቁላል መያዝ የሚችል ፍሪጅዎን በስርአት ለመጠቀም ተመራጭለመኖሪያ ቤት እንዲሁም ለሬስቶራንት የሚሆን24 3 ዋጋ፦ 1100 ብርውስን ፍሬ ነው ያለው አድራሻቁ1መገናኛ መሰረት ደፋር ሞል ሁለተኛ ፎቅ ቢሮ ቁ 0506 ቁ2ፒያሳ ጊዮርጊስ አደባባይ ራመትታቦርኦዳህንፃ 1ኛ ፎቅ ሱቅ ቁ 1 107 0902660722 0928460606 ፒያሳ ቅርንጫፍ 0941337070 በ ለማዘዝ ይጠቀሙ ለተጨማሪ ማብራሪያ የቴሌግራም ገፃ
የቦርጭ ስብን ለማቅለጥ እና ፓክ ለማውጣት የሚመረጥ በቀላሉ የሆድ፣ የመቀመጫ፣ የጀርባ ጡንቻዎትን ለማሳሳብና ለማጠንከር ይረዳዎታል የራሱ መቁጠሪያ ሰዓት የተካተተለት በቀላሉ የተሸናቀጠ ተክለሰውነትን ይላበሱ ዋጋ፦ 2600 ብርውስን ፍሬ ነው ያለው አድራሻቁ1መገናኛ መሰረት ደፋር ሞል ሁለተኛ ፎቅ ቢሮ ቁ 0506 ቁ2ፒያሳ ጊዮርጊስ አደባባይ ራመትታቦርኦዳህንፃ 1ኛ ፎቅ ሱቅ ቁ 1 107 0902660722 0928460606 ፒያሳ ቅርንጫፍ 0941337070 በ ለማዘዝ ይጠቀሙ ለተጨማሪ ማብራሪያ የቴሌግራም ገፃችን,MessageMediaDocument,No file name,2024-09-24 14:41:13+00:00
ከሶኬት በተጨማሪ በባትሪ የሚሰራ የራሱ ማስደገፊያ ያለው ተንቀሳቃሽ 3 የብርሀን ደረጃወች ያሉትዋጋ፦ 650 ብርውስን ፍሬ ነው ያለው አድራሻቁ1መገናኛ መሰረት ደፋር ሞል ሁለተኛ ፎቅ ቢሮ ቁ 0506 ቁ2ፒያሳ ጊዮርጊስ አደባባይ ራመትታቦርኦዳህንፃ 1ኛ ፎቅ ሱቅ ቁ 1 107 0902660722 0928460606 ፒያሳ ቅርንጫፍ 0941337070 በ ለማዘዝ ይጠቀሙ ለተጨማሪ ማብራሪያ የቴሌግራም ገፃ
መኪና ለማጠብ ግቢ ለማፅዳት ተመራጭ የራሱ መለዋወጫ ያለውዋጋ፦ 800 ብርውስን ፍሬ ነው ያለው አድራሻቁ1መገናኛ መሰረት ደፋር ሞል ሁለተኛ ፎቅ ቢሮ ቁ 0506 ቁ2ፒያሳ ጊዮርጊስ አደባባይ ራመትታቦርኦዳህንፃ 1ኛ ፎቅ ሱቅ ቁ 1 107 0902660722 0928460606 ፒያሳ ቅርንጫፍ 0941337070 በ ለማዘዝ ይጠቀሙ ለተጨማሪ ማብራሪያ የቴሌግራም ገፃችን,MessageMediaDocument,No file name,2024-09-23 15:06:56+00:00
ምንም አይነት ድምፅ የሌለው ሁሉንም አይነት ጸጉር ያለ ልፋት በሙቀት የሚያስውብ ለተለያዩ የጸጉር አይነቶች ከፍ እና ዝቅ የሚል የሙቀት መቆጣጠሪያ ያለውጸጉር ሳይሰባበር በጤናማ ሁኔታ ውብ የሚያደርግልዎዋጋ፦ 1200ብርውስን ፍሬ ነው ያለው ቁ1መገናኛ መሰረት ደፋር ሞል ሁለተኛ ፎቅ ቢሮ ቁ 0506 ቁ2ፒያሳ ጊዮርጊስ አደባባይ ራመትታቦርኦዳህንፃ 1ኛ ፎቅ ሱቅ ቁ 1 107 0902660722 0928460606 ፒያሳ ቅርንጫፍ 0941337070 በ ለማዘዝ ይጠቀሙ ለተጨማሪ ማብራሪያ የቴሌግራም ገፃ
የጣት ጥፍር መከላከያሽንኩርት ሲልጡ ፣ ዝንጅብል እና በርበሬ ዘለላ ሲቀነጥሱ ጥፍርን ከጉዳት የሚከላከል ዋጋ፦ 250 ብርውስን ፍሬ ነው ያለው አድራሻቁ1መገናኛ መሰረት ደፋር ሞል ሁለተኛ ፎቅ ቢሮ ቁ 0506 ቁ2ፒያሳ ጊዮርጊስ አደባባይ ራመትታቦርኦዳህንፃ 1ኛ ፎቅ ሱቅ ቁ 1 107 0902660722 0928460606 ፒያሳ ቅርንጫፍ 0941337070 በ ለማዘዝ ይጠቀሙ ለተጨማሪ ማብራሪያ የቴሌግራም ገፃችን,MessageMediaDocument,No file name,2024-09-21 04:46:45+00:00
በኤሌክትሪክ የሚሰራ ለቤት መልካም መዓዛን የሚሰጥ 200 ዋጋ፦ 1400 ብርውስን ፍሬ ነው ያለው ቁ1መገናኛ መሰረት ደፋር ሞል ሁለተኛ ፎቅ ቢሮ ቁ 0506 ቁ2ፒያሳ ጊዮርጊስ አደባባይ ራመትታቦርኦዳህንፃ 1ኛ ፎቅ ሱቅ ቁ 1 107 0902660722 0928460606 ፒያሳ ቅርንጫፍ 0941337070 በ ለማዘዝ ይጠቀሙ ለተጨማሪ ማብራሪያ የቴሌግራም ገፃ
ለኪችንዎ ውበት እጅግ ተመራጭ ውሀ የማያስገባ ቅባት ዘይት ነገሮችእሳት እና ተቀጣጣይ ነገሮችን የሚቋቋም ለኪችን ካቢኔት ለካቢኔት መሳቢያወች ለኪችንዎ ግርግዳ ኪችንዎትን ውብ እና ፅዱ ለማድረግ ተመራጭ ዋጋ፦5 60 800 ብር ውስን ፍሬ ነው ያለው አድራሻቁ1መገናኛ መሰረት ደፋር ሞል ሁለተኛ ፎቅ ቢሮ ቁ 0506 ቁ2ፒያሳ ጊዮርጊስ አደባባይ ራመትታቦርኦዳህንፃ 1ኛ ፎቅ ሱቅ ቁ 1 107 0902660722 0928460606 ፒያሳ ቅርንጫፍ 0941337070 በ ለማዘዝ ይጠቀሙ ለተጨማሪ ማብራሪያ የቴሌግራም ገፃ
ዘመናዊ በኤሌክትሮኒክስ የሚሰራ ሚዛን እስከ 50 ኪሎ ይመዝናል በባትሪ ድንጋይ የሚሰራ በቀላሉ በኪስ የሚያዝ ትክክለኛ ልኬት 50 110 10 02 30 2 ዋጋ፦ 700 ብር አድራሻቁ1መገናኛ መሰረት ደፋር ሞል ሁለተኛ ፎቅ ቢሮ ቁ 0506 ቁ2ፒያሳ ጊዮርጊስ አደባባይ ራመትታቦርኦዳህንፃ 1ኛ ፎቅ ሱቅ ቁ 1 107 0902660722 0928460606 ፒያሳ ቅርንጫፍ 0941337070 በ ለማዘዝ ይጠቀሙ ለተጨማሪ ማብራሪያ የቴሌግራም ገፃ
ስጋ ጨጓራ ሽንኩርት በሰከንዶች ድቅቅ የሚያደርግ 6 3 1500 ዋጋ፦ 4000 ብር ውስን ፍሬ ነው ያለን አድራሻቁ1መገናኛ መሰረት ደፋር ሞል ሁለተኛ ፎቅ ቢሮ ቁ 0506 ቁ2ፒያሳ ጊዮርጊስ አደባባይ ራመትታቦርኦዳህንፃ 1ኛ ፎቅ ሱቅ ቁ 1 107 0902660722 0928460606 ፒያሳ ቅርንጫፍ 0941337070 በ ለማዘዝ ይጠቀሙ ለተጨማሪ ማብራሪያ የቴሌግራም ገፃ
በኤሌክትሪክ የሚሰራ ለቤት መልካም መዓዛን የሚሰጥ 330 25 3050 1 1 1 ዋጋ፦ 1200 ብርውስን ፍሬ ነው ያለው አድራሻቁ1መገናኛ መሰረት ደፋር ሞል ሁለተኛ ፎቅ ቢሮ ቁ 0506 ቁ2ፒያሳ ጊዮርጊስ አደባባይ ራመትታቦርኦዳህንፃ 1ኛ ፎቅ ሱቅ ቁ 1 107 0902660722 0928460606 ፒያሳ ቅርንጫፍ 0941337070 በ ለማዘዝ ይጠቀሙ ለተጨማሪ ማብራሪያ የቴሌግራም ገፃ
ሞረድ5 በተለያየ መጠን ቢላዎች1 መላጫ1 መቀስከማስቀመጫው ጋርዋጋ፦ 2700 ብር ውስን ፍሬ ነው ያለው አድራሻቁ1መገናኛ መሰረት ደፋር ሞል ሁለተኛ ፎቅ ቢሮ ቁ 0506 ቁ2ፒያሳ ጊዮርጊስ አደባባይ ራመትታቦርኦዳህንፃ 1ኛ ፎቅ ሱቅ ቁ 1 107 0902660722 0928460606 ፒያሳ ቅርንጫፍ 0941337070 በ ለማዘዝ ይጠቀሙ ለተጨማሪ ማብራሪያ የቴሌግራም ገፃ
ግድግዳ ላይ የራሱ መለጠፊያ ያለው ብሩሽ ላይ የሚገኙ ባክቴሪያዎችን በ 3 ደቂቃ ውስጥ መግደል የሚችል ስትራላይዘር ያለው በአንዴ 4 ብሩሽ እና ፂም መላጫ መያዝ የሚችል እንዲሁም ከስር በመጫን ብቻ የጥርስ ሳሙናው ብሩሹ ላይ ማድረግ የሚያስችል ሲስተም ያለውአጠቃቀሙ ቀላል የጥርስ ሳሙና ብክነት የሚያስወግድማንኛውንም ዓይነት የጥርስ ሳሙና መያዝ የሚችል ዋጋ፦ 700 ብርውስን ፍሬ ነው ያለው አድራሻቁ1መገናኛ መሰረት ደፋር ሞል ሁለተኛ ፎቅ ቢሮ ቁ 0506 ቁ2ፒያሳ ጊዮርጊስ አደባባይ ራመትታቦርኦዳህንፃ 1ኛ ፎቅ ሱቅ ቁ 1 107 0902660722 0928460606 ፒያሳ ቅርንጫፍ 0941337070 በ ለማዘዝ ይጠቀሙ ለተጨማሪ ማብራሪያ የቴሌግራም ገፃ
ጥቅም ላይ በማይውልበት ጊዜ ሊታጠፍ የሚችል 503024ዋጋ፦ 1500 ብርውስን ፍሬ ነው ያለው አድራሻቁ1መገናኛ መሰረት ደፋር ሞል ሁለተኛ ፎቅ ቢሮ ቁ 0506 ቁ2ፒያሳ ጊዮርጊስ አደባባይ ራመትታቦርኦዳህንፃ 1ኛ ፎቅ ሱቅ ቁ 1 107 0902660722 0928460606 ፒያሳ ቅርንጫፍ 0941337070 በ ለማዘዝ ይጠቀሙ ለተጨማሪ ማብራሪያ የቴሌግራም ገፃችን,MessageMediaDocument,No file name,2024-09-09 09:59:59+00:0
የቦታ ጥበት ካለብዎ ይሄ ያስፈልግዎታል ላይ ሊጠቀሙበት ይችላሉየንፅህና ዕቃዎችን፣ ኮስሞቲክሶች እና አትክልትፍራፍሬዎችን ሊያስቀምጡበት ይችላሉ ግድግዳ መብሳት አያስፈልግዎትም ከጠንካራ ብረት እና ፕላስቲክ የተሰራእርጥበትን የሚቋቋም የማይዝግ ማያያዣ ሁክ ያለውዋጋ፦ 1100 ብርውስን ፍሬ ነው ያለው አድራሻቁ1መገናኛ መሰረት ደፋር ሞል ሁለተኛ ፎቅ ቢሮ ቁ 0506 ቁ2ፒያሳ ጊዮርጊስ አደባባይ ራመትታቦርኦዳህንፃ 1ኛ ፎቅ ሱቅ ቁ 1 107 0902660722 0928460606 ፒያሳ ቅርንጫፍ 0941337070 በ ለማዘዝ ይጠቀሙ ለተጨማሪ ማብራሪያ የቴሌግራም ገፃ
በቻርጅ የሚሰራ ላይተር በ1 ቻርጅ ለረዥም ጊዜ የሚቆይዋጋ፦ 600 ብርውስን ፍሬ ነው ያለው አድራሻቁ1መገናኛ መሰረት ደፋር ሞል ሁለተኛ ፎቅ ቢሮ ቁ 0506 ቁ2ፒያሳ ጊዮርጊስ አደባባይ ራመትታቦርኦዳህንፃ 1ኛ ፎቅ ሱቅ ቁ 1 107 0902660722 0928460606 ፒያሳ ቅርንጫፍ 0941337070 በ ለማዘዝ ይጠቀሙ ለተጨማሪ ማብራሪያ የቴሌግራም ገፃችን,MessageMediaDocument,No file name,2024-09-06 11:23:27+00:00
የሴራሚክ መጥበሻ በሁለት አማራጭ ይዘን መተናል ሶስቱን በአንድ ላይዋጋ፦242628 3800 ብር አድራሻ ቁ1መገናኛ መሰረት ደፋር ሞል ሁለተኛ ፎቅ ቢሮ ቁ 0506 ቁ2ፒያሳ ጊዮርጊስ አደባባይ ራመትታቦርኦዳህንፃ 1ኛ ፎቅ ሱቅ ቁ 1 107 0902660722 0928460606 ፒያሳ ቅርንጫፍ 0941337070 በ ለማዘዝ ይጠቀሙ ለተጨማሪ ማብራሪያ የቴሌግራም ገፃ
ባለብዙጥቅም የመስታወት ጎድጓዳ ሳህኖችከ ብርጭቆ የተሰራ ለቤተዎ ተጨማሪ ውበትን የሚሰጥ ለሳላድ እንዲሁም ለዎጥ ማቅረቢያ ተመራጭዋጋ፦ 450 ብር ውስን ፍሬ ነው ያለው አድራሻቁ1መገናኛ መሰረት ደፋር ሞል ሁለተኛ ፎቅ ቢሮ ቁ 0506 ቁ2ፒያሳ ጊዮርጊስ አደባባይ ራመትታቦርኦዳህንፃ 1ኛ ፎቅ ሱቅ ቁ 1 107 0902660722 0928460606 ፒያሳ ቅርንጫፍ 0941337070 በ ለማዘዝ ይጠቀሙ ለተጨማሪ ማብራሪያ የቴሌግራም ገፃ
በቀላሉ ከሰል ለማያያዝ የሚሆን አነስ ያለ ቦታ የማይዝ በኤሌክትሪክ የሚሰራ ሻይ፣ ቡና ለማፍላት የሚሆንዋጋ፦ 1300 ብር 1200 ብር ውስን ፍሬ ነው ያለው አድራሻቁ1መገናኛ መሰረት ደፋር ሞል ሁለተኛ ፎቅ ቢሮ ቁ 0506 ቁ2ፒያሳ ጊዮርጊስ አደባባይ ራመትታቦርኦዳህንፃ 1ኛ ፎቅ ሱቅ ቁ 1 107 0902660722 0928460606 ፒያሳ ቅርንጫፍ 0941337070 በ ለማዘዝ ይጠቀሙ ለተጨማሪ ማብራሪያ የቴሌግራም ገፃችን,MessageMediaDocument,No file name,2024-09-04 15:41:02+00:00
የጫማ ማስቀመጫ ባለ ስድስት ደረጃቦታ ቆጣቢ ሲዘረጋ 272786 ስፋት ከጠንካራ ፕላስቲክ የተሰራገጠማ የማይፈልግ6 ጥንድ ጫማዎችን ይይዛልዋጋ፦ 1950ብርውስን ፍሬ ነው ያለው አድራሻቁ1መገናኛ መሰረት ደፋር ሞል ሁለተኛ ፎቅ ቢሮ ቁ 0506 ቁ2ፒያሳ ጊዮርጊስ አደባባይ ራመትታቦርኦዳህንፃ 1ኛ ፎቅ ሱቅ ቁ 1 107 0902660722 0928460606 ፒያሳ ቅርንጫፍ 0941337070 በ ለማዘዝ ይጠቀሙ ለተጨማሪ ማብራሪያ የቴሌግራም ገፃ
ሴራሚክ ንግስተ ሳባ መመገቢያ ሳህን ከፍተኛ ጥራት ያለው ዋጋ፦ 6ፍሬ 1ኛ ደረጃ 4000 ብር አድራሻቁ1መገናኛ መሰረት ደፋር ሞል ሁለተኛ ፎቅ ቢሮ ቁ 0506 ቁ2ፒያሳ ጊዮርጊስ አደባባይ ራመትታቦርኦዳህንፃ 1ኛ ፎቅ ሱቅ ቁ 1 107 0902660722 0928460606 ፒያሳ ቅርንጫፍ 0941337070 በ ለማዘዝ ይጠቀሙ ለተጨማሪ ማብራሪያ የቴሌግራም ገፃ
ለኪችንዎ ውበት እጅግ ተመራጭ ውሀ የማያስገባ ቅባት ዘይት ነገሮችእሳት እና ተቀጣጣይ ነገሮችን የሚቋቋም ለኪችን ካቢኔት ለካቢኔት መሳቢያወች ለኪችንዎ ግርግዳ ርዝመት 10 45ዋጋ፦ 1100 ብርውስን ፍሬ ነው ያለው አድራሻቁ1መገናኛ መሰረት ደፋር ሞል ሁለተኛ ፎቅ ቢሮ ቁ 0506 ቁ2ፒያሳ ጊዮርጊስ አደባባይ ራመትታቦርኦዳህንፃ 1ኛ ፎቅ ሱቅ ቁ 1 107 0902660722 0928460606 ፒያሳ ቅርንጫፍ 0941337070 በ ለማዘዝ ይጠቀሙ ለተጨማሪ ማብራሪያ የቴሌግራም ገፃ
በቻርጅ የሚሰራ15 ርዝመት ያለው ካፕ ቅርፅ ያለው እና ለአያያዝ ምቹ ሁለት የላይት መቆጣጠሪያ ያለውከፍተኛ ሙቀትን እና ቅዝቃዜን መቋቋም ከሚችል ማቴሪያል ስለተሰራ በማንኛውም የአየር ንብረት የምንጠቀመውእንደ ባትሪና ፓወር ባንክ የሚያገለግል ለካምፒንግ ለተለያዮ ፕሮግራሞች በጣም ተመራጭዋጋ፦ 1050 ብርውስን ፍሬ ነው ያለው አድራሻቁ1መገናኛ መሰረት ደፋር ሞል ሁለተኛ ፎቅ ቢሮ ቁ 0506 ቁ2ፒያሳ ጊዮርጊስ አደባባይ ራመትታቦርኦዳህንፃ 1ኛ ፎቅ ሱቅ ቁ 1 107 0902660722 0928460606 ፒያሳ ቅርንጫፍ 0941337070 በ ለማዘዝ ይጠቀሙ ለተጨማሪ ማብራሪያ የቴሌግራም ገፃ
ጋቢ ለምኔ 7 የቀለም አማራጭ220240ዋጋ፦ 2600 ብርውስን ፍሬ ነው ያለው አድራሻቁ1መገናኛ መሰረት ደፋር ሞል ሁለተኛ ፎቅ ቢሮ ቁ 0506 ቁ2ፒያሳ ጊዮርጊስ አደባባይ ራመትታቦርኦዳህንፃ 1ኛ ፎቅ ሱቅ ቁ 1 107 0902660722 0928460606 ፒያሳ ቅርንጫፍ 0941337070 በ ለማዘዝ ይጠቀሙ ለተጨማሪ ማብራሪያ የቴሌግራም ገፃ
ትልቁ ሳቺ ባለሁለት ምድጃ ስቶቭ 2000 ዋት ፊውዝ የተገጠመለት ትልቅ ድስት መሸከም የሚችል አስተማማኝ ቴርሞስታት ባለ ፊውዝዋጋ፦ ትልቁ 2900 ብር ውስን ፍሬ ነው ያለው አድራሻቁ1መገናኛ መሰረት ደፋር ሞል ሁለተኛ ፎቅ ቢሮ ቁ 0506 ቁ2ፒያሳ ጊዮርጊስ አደባባይ ራመትታቦርኦዳህንፃ 1ኛ ፎቅ ሱቅ ቁ 1 107 0902660722 0928460606 ፒያሳ ቅርንጫፍ 0941337070 በ ለማዘዝ ይጠቀሙ ለተጨማሪ ማብራሪያ የቴሌግራም ገፃ
ባለ 4 ደረጃ የፍሩት ማጠቢያ ማስቀመጫፍሪጅ ውስጥ የተለያዮ ፍራፍሬዎችን ለማስቀመጥለጥራጥሬ ማስቀመጫ ፍራፍሬዎችን ለማጠብ ምቹ ጥራት ያለው እቃ በተመጣጣኝ ዋጋዋጋ፦ 1750 ብር ውስን ፍሬ ነው ያለው አድራሻቁ1መገናኛ መሰረት ደፋር ሞል ሁለተኛ ፎቅ ቢሮ ቁ 05 ቁ2ፒያሳ ጊዮርጊስ አደባባይ ራመትታቦርኦዳህንፃ 1ኛ ፎቅ ሱቅ ቁ 1 107 0902660722 0928460606 በ ለማዘዝ ይጠቀሙ ለተጨማሪ ማብራሪያ የቴሌግራም ገፃ
ወርቃማ እጀታ ያለው ውብ የሆነ ማቅረቢያ 3 ፍሬ በአንድ ላይዋጋ፦ 1900 ብርውስን ፍሬ ነው ያለው አድራሻቁ1መገናኛ መሰረት ደፋር ሞል ሁለተኛ ፎቅ ቢሮ ቁ 05 ቁ2ፒያሳ ጊዮርጊስ አደባባይ ራመትታቦርኦዳህንፃ 1ኛ ፎቅ ሱቅ ቁ 1 107 0902660722 0928460606 በ ለማዘዝ ይጠቀሙ ለተጨማሪ ማብራሪያ የቴሌግራም ገፃ
እንቁላል መቀቀል የሚያስችል በኤሌክትሪክ የሚሰራ ለአጠቃም ቀላልዋጋ፦ 850 ብርውስን ፍሬ ነው ያለው አድራሻቁ1መገናኛ መሰረት ደፋር ሞል ሁለተኛ ፎቅ ቢሮ ቁ 05 ቁ2ፒያሳ ጊዮርጊስ አደባባይ ራመትታቦርኦዳህንፃ 1ኛ ፎቅ ሱቅ ቁ 1 107 0902660722 0928460606 በ ለማዘዝ ይጠቀሙ ለተጨማሪ ማብራሪያ የቴሌግራም ገፃ
ከጠንካራ የጠርሙስ ማቴሪያል የተሰራ ከማይዝግ ብረት የተሰራ ማስቀመጫ ያለውየራሱ ማይካ ክዳኖች ያሉት ውብ የስናክ ማስቀመጫዋጋ፦ 2900ብር 5 3100 ብርውስን ፍሬ ነው ያለው ቁ1መገናኛ መሰረት ደፋር ሞል ሁለተኛ ፎቅ ቢሮ ቁ 05 ቁ2ፒያሳ ጊዮርጊስ አደባባይ ራመትታቦርኦዳህንፃ 1ኛ ፎቅ ሱቅ ቁ 1 107 0902660722 0928460606 በ ለማዘዝ ይጠቀሙ ለተጨማሪ ማብራሪያ የቴሌግራም ገፃ
ውሀ ቢፈስበት የማይጎዳ ልጅዎ በነፃነት እንዲጫወት የሚረዳለጉዞም ተመራጭ የሆነ ምንጣፍ ተጣጣፊውብ እና ጠንካራ 197 177 ስፋት ዋጋ፦ 2800 ብርውስን ፍሬ ነው ያለው አድራሻቁ1መገናኛ መሰረት ደፋር ሞል ሁለተኛ ፎቅ ቢሮ ቁ 05 ቁ2ፒያሳ ጊዮርጊስ አደባባይ ራመትታቦርኦዳህንፃ 1ኛ ፎቅ ሱቅ ቁ 1 107 0902660722 0928460606 በ ለማዘዝ ይጠቀሙ ለተጨማሪ ማብራሪያ የቴሌግራም ገፃ
ጠረጴዛ ላይ የራሱ መለጠፊያ ያለውዋጋ፦ 1700ብር አድራሻቁ1መገናኛ መሰረት ደፋር ሞል ሁለተኛ ፎቅ ቢሮ ቁ 05 ቁ2ፒያሳ ጊዮርጊስ አደባባይ ራመትታቦርኦዳህንፃ 1ኛ ፎቅ ሱቅ ቁ 1 107 0902660722 0928460606 በ ለማዘዝ ይጠቀሙ ለተጨማሪ ማብራሪያ የቴሌግራም ገፃችን,MessageMediaDocument,No file name,2023-12-15 19:05:37+00:00
360 የሚሽከረከር የጥራጥሬ ማስቀመጫየራሱ መቀነሻ ያለውበፈለግነው መጠን መቀነስ የሚያስችል ለሩዝና ለጥራጥሬየኪችናችን ውበት እና ስርአት ከፍ የሚያደርግዋጋ፦ 3200ብርውስን ፍሬ ነው ያለው አድራሻቁ1መገናኛ መሰረት ደፋር ሞል ሁለተኛ ፎቅ ቢሮ ቁ 05 ቁ2ፒያሳ ጊዮርጊስ አደባባይ ራመትታቦርኦዳህንፃ 1ኛ ፎቅ ሱቅ ቁ 1 107 0902660722 0928460606 በ ለማዘዝ ይጠቀሙ ለተጨማሪ ማብራሪያ የቴሌግራም ገፃ
